Upload Link ID,Loan Application,clientId,Email,token,fullName,expiresAt,isActive,Documents,Created At,uploads
recyURnx1sgdulLFj,,,,,,2/28/2026 12:00am,checked,"recLqKnetOsnWsu6L,rec9VKMzQaw6iO6NO,recqQNPQhhPy6cIB3,recnQcpIiofQyIxvx",2/16/2026 1:30pm,"DriverLicence,Passport"
recOGHDs7uszuKgMQ,,,,,,2/28/2026 12:00am,checked,"rec9CJ9ej6uEuxPBK,recF2lxAdHzRpu7hV",2/23/2026 5:31pm,Paystub
reccwMax0zqctdbFZ,,,,eyJhbGciOiJIUzI1NiIsInR5cCI6IkpXVCJ9.eyJ1cGxvYWRMaW5rSWQiOiJyZWNjd01heDB6cWN0ZGJGWiIsImNsaWVudElkIjoicmVjeUU5a2dHb1hIU3lwUlAiLCJ0eXBlIjoiYXV0aCJ9.zrWGLdzqZhX3c0oreNwYPO5lENp-kjYIb43wQG_uFD8,,3/16/2026 2:44pm,checked,"recKRHTKaFca3neJH,recBFzcLAyLWLmoO4,reculWwly5CFjcCdX",3/9/2026 7:39pm,"Screenshot 2025-04-23 at 8.59.42 AM.png,Screenshot 2025-04-23 at 9.03.36 AM.png,Screenshot 2025-04-23 at 9.04.02 AM.png,Screenshot 2025-04-23 at 8.59.42 AM.png,Screenshot 2025-04-23 at 9.01.42 AM.png,Screenshot 2025-04-23 at 9.04.02 AM.png"
recZS25gRAhdZVKo0,,,,eyJhbGciOiJIUzI1NiIsInR5cCI6IkpXVCJ9.eyJ1cGxvYWRMaW5rSWQiOiJyZWNaUzI1Z1JBaGRaVktvMCIsImNsaWVudElkIjoicmVjY3c1SDd2Z2ljdzBWT2YiLCJ0eXBlIjoiYXV0aCJ9.sI63j1luO0C45ByOO3LWf9MX05-3kqphpPNSrCxXbIc,,3/17/2026 4:15pm,checked,"rec9tm4clQZ3Ur5B2,rechkKX1KguwSFIAN",3/10/2026 9:13pm,
recTFQwMeqcoxDgAY,,,,eyJhbGciOiJIUzI1NiIsInR5cCI6IkpXVCJ9.eyJ1cGxvYWRMaW5rSWQiOiJyZWNURlF3TWVxY294RGdBWSIsImNsaWVudElkIjoicmVjZmlhZnVlMzhhbXd3MmYiLCJ0eXBlIjoiYXV0aCJ9.fT7mep_XGkIgjsraHw90TYy9VajoD_mHsVt2CohDEw8,,3/18/2026 4:49pm,checked,"recg0HKhZzIdaZWEM,recLwZ8CM7IezPU8V",3/11/2026 9:49pm,"Screenshot 2025-04-23 at 9.01.42 AM.png,Screenshot 2025-04-23 at 8.59.42 AM.png"
recGQB0ON8e3vG2oD,,,,eyJhbGciOiJIUzI1NiIsInR5cCI6IkpXVCJ9.eyJ1cGxvYWRMaW5rSWQiOiJyZWNHUUIwT044ZTN2RzJvRCIsImNsaWVudElkIjoicmVjR1FsWXBsbm51ejY5WU0iLCJ0eXBlIjoiYXV0aCJ9.3MPmFdlRMU7x9kc9Pc254Bem2RoBpw0lnynDRw8AFoM,,4/1/2026 4:39pm,checked,"reci4HTyS3Xs4ktCW,rec6PWTW1ifNtLdo7",3/25/2026 9:39pm,"sf background.png,smartcity.webp,smartcity.webp,smartcity.jpeg"
recaeISJSNyoq7slw,,,,eyJhbGciOiJIUzI1NiIsInR5cCI6IkpXVCJ9.eyJ1cGxvYWRMaW5rSWQiOiJyZWNhZUlTSlNOeW9xN3NsdyIsImNsaWVudElkIjoicmVjMW9vdTJwWFR2STA3MEUiLCJ0eXBlIjoiYXV0aCJ9.ojbNycFXjrj1XT8EjZfIjPAaUcZv3kIJlaPaDuCTckg,,4/6/2026 9:28am,checked,"recl90itGBWoyqkeY,recUTYPxyDub6Ydp0,recR6kR8QIg0AZeYj,recLQHMXiE6zn5E5s,recyA37wJ9kP0TB3P,recCgi0yAGPhXvpX5",3/30/2026 1:52pm,"Screenshot 2025-04-23 at 8.59.42 AM.png,Screenshot 2025-04-23 at 9.03.36 AM.png,Screenshot 2025-04-23 at 9.03.36 AM.png,Screenshot 2025-04-23 at 9.04.02 AM.png,Screenshot 2025-04-23 at 9.03.36 AM.png,Screenshot 2025-04-23 at 8.59.42 AM.png,Screenshot 2025-04-23 at 9.03.36 AM.png"
recln7K3gEaGwklxd,,,,,,,,,3/30/2026 9:40pm,
recMXeJLi6aCszcqr,,,,eyJhbGciOiJIUzI1NiIsInR5cCI6IkpXVCJ9.eyJ1cGxvYWRMaW5rSWQiOiJyZWNNWGVKTGk2YUNzemNxciIsImNsaWVudElkIjoicmVjZnJOTDlZNHppWkhIZVoiLCJ0eXBlIjoiYXV0aCJ9.6ZTYrFTb-GfId4hxwUh-67JKmhnV4Wjb7eenDmXDSGg,,4/6/2026 4:53pm,checked,"recb0T1fGJMDq8GWg,rec35gNm1TqTpCZlB,recd0U8TdmbOpGmkb",3/30/2026 9:53pm,
recrHI4WkFd2nmJ93,,,,,,,,,3/30/2026 9:56pm,
recOtUwA1QUOvqgQt,,,,eyJhbGciOiJIUzI1NiIsInR5cCI6IkpXVCJ9.eyJ1cGxvYWRMaW5rSWQiOiJyZWNPdFV3QTFRVU92cWdRdCIsImNsaWVudElkIjoicmVjT3pXWUVZV1JjNTBPVTIiLCJ0eXBlIjoiYXV0aCJ9.mdwwybHTWL5mcsUP50JO1nE-PsMnvw74veOkC7PwcFU,,4/7/2026 10:15am,checked,"recRBdbCD7QqPE6OG,recjePj91K9LmIbrj,recABROqi5imyJHwr",3/31/2026 3:15pm,"Screenshot 2025-04-23 at 9.01.42 AM.png,Screenshot 2025-04-23 at 9.04.02 AM.png,Screenshot 2025-04-23 at 8.59.42 AM.png"
recz1yHXbIenJBwfZ,,,,eyJhbGciOiJIUzI1NiIsInR5cCI6IkpXVCJ9.eyJ1cGxvYWRMaW5rSWQiOiJyZWN6MXlIWGJJZW5KQndmWiIsImNsaWVudElkIjoicmVjUUxDTlljVE5xYUxQd3EiLCJ0eXBlIjoiYXV0aCJ9.Jw0IyaOINru2kJb25cChSuginOLl_Rpw4A_1qgDfGjs,,4/8/2026 12:41pm,checked,"recIKzxxAJ6pmBl26,recQ9pbFy4swNY9oK,rec1t5Y8yEupmPfgs",4/1/2026 5:41pm,
recLihBEkAeKZ3oxs,,,,eyJhbGciOiJIUzI1NiIsInR5cCI6IkpXVCJ9.eyJ1cGxvYWRMaW5rSWQiOiJyZWNMaWhCRWtBZUtaM294cyIsImNsaWVudElkIjoicmVjUUxDTlljVE5xYUxQd3EiLCJ0eXBlIjoiYXV0aCJ9.vH0RcCnLuXUO5aJTJhxNT0PI6v_Tmd_sm-T2HR_MQwY,,4/8/2026 12:44pm,checked,"reclZnZgefHIPRHnw,recd9p2QmCZVb18q7,recoh4em27O7Jt6Gh",4/1/2026 5:44pm,
recna0Rao2G94Su0p,,,,eyJhbGciOiJIUzI1NiIsInR5cCI6IkpXVCJ9.eyJ1cGxvYWRMaW5rSWQiOiJyZWNuYTBSYW8yRzk0U3UwcCIsImNsaWVudElkIjoicmVjUUxDTlljVE5xYUxQd3EiLCJ0eXBlIjoiYXV0aCJ9.C6LP8cYM1l5ZBqvYyMPvNqW83s4eHTdG6ryL-0Vv2gg,,4/8/2026 12:46pm,checked,,4/1/2026 5:46pm,
rec9ayY94u5eSFvIq,,,,eyJhbGciOiJIUzI1NiIsInR5cCI6IkpXVCJ9.eyJ1cGxvYWRMaW5rSWQiOiJyZWM5YXlZOTR1NWVTRnZJcSIsImNsaWVudElkIjoicmVjUUxDTlljVE5xYUxQd3EiLCJ0eXBlIjoiYXV0aCJ9.1zPM1TKdb_fhdnrxY4vxftYUUhrDkgVKjkRNrLBsiXA,,4/8/2026 12:47pm,checked,,4/1/2026 5:47pm,
reciGfsyiJJXKKQ7m,,,,,,,,,4/1/2026 5:49pm,
recsZqqIIKKmAlOxY,,,,eyJhbGciOiJIUzI1NiIsInR5cCI6IkpXVCJ9.eyJ1cGxvYWRMaW5rSWQiOiJyZWNzWnFxSUlLS21BbE94WSIsImNsaWVudElkIjoicmVjSGk2Ync3M0F1YW9yYW8iLCJ0eXBlIjoiYXV0aCJ9.L2qJuZE3UweXeD2KPrHGkKmszSNAPjpnWtp3RHq6-S4,,4/8/2026 4:16pm,checked,"rec8CYBGaKRJA21Dg,recFXCbbaTpb6QY9N,recaBYHVu6vhH8bNn",4/1/2026 9:16pm,
recAj28LpeDR2epUJ,,,,eyJhbGciOiJIUzI1NiIsInR5cCI6IkpXVCJ9.eyJ1cGxvYWRMaW5rSWQiOiJyZWNBajI4THBlRFIyZXBVSiIsImNsaWVudElkIjoicmVjOTQxWXVVYmhXZXEzZVoiLCJ0eXBlIjoiYXV0aCJ9._3d9EaA2EVKnP_f3o3uoS-3GqcdSEX9hyNCx757w6kA,,4/8/2026 4:20pm,checked,,4/1/2026 9:20pm,
rec7UdICPpCqg5dpg,,,,eyJhbGciOiJIUzI1NiIsInR5cCI6IkpXVCJ9.eyJ1cGxvYWRMaW5rSWQiOiJyZWM3VWRJQ1BwQ3FnNWRwZyIsImNsaWVudElkIjoicmVjOTQxWXVVYmhXZXEzZVoiLCJ0eXBlIjoiYXV0aCJ9.BX0H7tLT8mzD-FYQtfNevlMHotl8B61PLMi-0LdaAwM,,4/8/2026 4:40pm,checked,,4/1/2026 9:40pm,
recIv7WZkcif7cNaz,,,,eyJhbGciOiJIUzI1NiIsInR5cCI6IkpXVCJ9.eyJ1cGxvYWRMaW5rSWQiOiJyZWNJdjdXWmtjaWY3Y05heiIsImNsaWVudElkIjoicmVjREo2SDJUMnM3SnpEMUoiLCJ0eXBlIjoiYXV0aCJ9.GD1Fehpp75MqvokSxyCgHb-UcZJrNjM_2Sjzqh0QH4s,,4/8/2026 4:49pm,checked,"rec4Sd31orVQEIIfq,recwShK0ryLYRFuPR,recZKNH72QDQTYwG5",4/1/2026 9:49pm,"Screenshot 2025-04-23 at 8.59.42 AM.png,Screenshot 2025-04-23 at 9.03.36 AM.png,Screenshot 2025-04-23 at 9.04.02 AM.png,Screenshot 2025-04-23 at 8.59.42 AM.png,Screenshot 2025-04-23 at 9.01.42 AM.png"
recwVJYYPOLX1FNxt,,,,,,,,,4/2/2026 10:46pm,
recrLqbGGSW0ZLRrK,,,,,,,,,4/2/2026 10:49pm,
recQGgkgwOJTSXEoq,,,,,,,,,4/2/2026 10:59pm,
recMgwAOHAEkQrlUR,,,,,,,,,4/2/2026 11:01pm,
recuvQuwoGR6C4tJl,,,,,,,,,4/2/2026 11:06pm,
rec4qFmePJ7sF6uDT,,,,,,,,,4/2/2026 11:09pm,
recJXqM05sYW2iF3Y,,,,,,,,,4/2/2026 11:52pm,
recclHTrvBFm4fF7M,,,,,,,,,4/2/2026 11:54pm,
recyFth7rFxLQRJLh,,,,,,,,,4/3/2026 12:01am,
recY4Y4HS3GBswIUi,,,,eyJhbGciOiJIUzI1NiIsInR5cCI6IkpXVCJ9.eyJ1cGxvYWRMaW5rSWQiOiJyZWNZNFk0SFMzR0Jzd0lVaSIsImNsaWVudElkIjoicmVjeDh4MUVrcTMzclpoRTkiLCJ0eXBlIjoiYXV0aCJ9.aQ26UA9zFwMhEptHtCJR71s6K5Z-DIOY_lADupnJS5A,,4/10/2026 5:23am,checked,"recDyPoyAVPHk6YWi,rec5wwpgTankb9CCw,recncM0rFm78bJFNw",4/3/2026 10:23am,"Screenshot 2025-04-23 at 9.01.42 AM.png,Screenshot 2025-04-23 at 8.59.42 AM.png,Screenshot 2025-04-23 at 9.04.02 AM.png"
recguJeRvmCHonBwz,,,,eyJhbGciOiJIUzI1NiIsInR5cCI6IkpXVCJ9.eyJ1cGxvYWRMaW5rSWQiOiJyZWNndUplUnZtQ0hvbkJ3eiIsImNsaWVudElkIjoicmVjZzhuM21aU3lpUXZjQ0giLCJ0eXBlIjoiYXV0aCJ9.XuNl8xuV3x8xYtB8_UVzXq-T1kmZDxLPinzryv-MS5g,,4/10/2026 5:31am,checked,"recIhsKpQjqfg9vBY,recOddCzYJA7JDb2T,rec9RPtpNkVBmDZcL,recFSxFtaHHqApBGP",4/3/2026 10:31am,"Screenshot 2025-04-23 at 9.03.36 AM.png,Screenshot 2025-04-23 at 9.01.42 AM.png,Screenshot 2025-04-23 at 9.04.02 AM.png,Screenshot 2025-04-23 at 8.59.42 AM.png"
reclM7D11ATDA3P8n,,,,eyJhbGciOiJIUzI1NiIsInR5cCI6IkpXVCJ9.eyJ1cGxvYWRMaW5rSWQiOiJyZWNsTTdEMTFBVERBM1A4biIsImNsaWVudElkIjoicmVjUUQzV2hTOTBwWkU5bjkiLCJ0eXBlIjoiYXV0aCJ9.oMM7-4b19bIzoiWAj-6LaAEMmgmjt_S3ZKtHwe3vDmU,,4/10/2026 3:52pm,checked,"rechgulQQK3i7Psj4,recCAYeCk8KeKtqwT,recFIJwswwobmTzIM",4/3/2026 8:52pm,"Screenshot 2025-04-23 at 9.01.42 AM.png,Screenshot 2025-04-23 at 9.04.02 AM.png,Screenshot 2025-04-23 at 9.03.36 AM.png"
recgwbgQ804ZF5R8R,,,,eyJhbGciOiJIUzI1NiIsInR5cCI6IkpXVCJ9.eyJ1cGxvYWRMaW5rSWQiOiJyZWNnd2JnUTgwNFpGNVI4UiIsImNsaWVudElkIjoicmVjN0ZnNm54M2JBZGRRcksiLCJ0eXBlIjoiYXV0aCJ9.ppx8CoN79gVA2KM2JUZtFIePXKcVogZcrrMQnkLH9b8,,4/10/2026 4:09pm,checked,"recd3cbZIn7igNJvM,recsNrBR3204Bvp9A,recTrDgbrEDBA7T6y",4/3/2026 9:09pm,"Screenshot 2025-04-23 at 8.59.42 AM.png,Screenshot 2025-04-23 at 9.01.42 AM.png,Screenshot 2025-04-23 at 9.04.02 AM.png,Screenshot 2025-04-23 at 9.03.36 AM.png"
rec0cMI3yzxjPJKhV,,,,eyJhbGciOiJIUzI1NiIsInR5cCI6IkpXVCJ9.eyJ1cGxvYWRMaW5rSWQiOiJyZWMwY01JM3l6eGpQSktoViIsImNsaWVudElkIjoicmVjU0Uxb3VCaGYzV1U2TE8iLCJ0eXBlIjoiYXV0aCJ9.YRbdrF-QFJC3RegDAY_q4a8473DNf2WroVzXfEv51YI,,4/13/2026 7:33am,checked,"recaYj6oEzLsdP3gl,recPUCQjkC9iczS0k,recqOLfpmrBwA9KzB",4/6/2026 12:33pm,"Screenshot 2025-04-23 at 8.59.42 AM.png,Screenshot 2025-04-23 at 9.03.36 AM.png,Screenshot 2025-04-23 at 9.04.02 AM.png"
recyvYJmcoaAWdGvD,,,,,,,,,4/6/2026 2:42pm,
recp82N4uaGXIYwXv,,,,eyJhbGciOiJIUzI1NiIsInR5cCI6IkpXVCJ9.eyJ1cGxvYWRMaW5rSWQiOiJyZWNwODJONHVhR1hJWXdYdiIsImNsaWVudElkIjoicmVjUFdSVW15SGFMVHFkNXkiLCJ0eXBlIjoiYXV0aCJ9.zMkB8RpG-rkG9FHE4ZAgY9JtTUVgK0ua7Eh5yNAtzEY,,4/13/2026 10:41am,checked,"reck0IshjVXrOMJ75,recmPfj5hUFcBwip0,recMENtkfDRG7fYtW,rec27SmwygwtkhbhT",4/6/2026 3:41pm,"Screenshot 2025-04-23 at 8.59.42 AM.png,Screenshot 2025-04-23 at 9.01.42 AM.png,Screenshot 2025-04-23 at 9.03.36 AM.png,Screenshot 2025-04-23 at 9.03.36 AM.png,Screenshot 2025-04-23 at 9.04.02 AM.png"
reccpcXCCvjILczcU,,,,eyJhbGciOiJIUzI1NiIsInR5cCI6IkpXVCJ9.eyJ1cGxvYWRMaW5rSWQiOiJyZWNjcGNYQ0N2aklMY3pjVSIsImNsaWVudElkIjoicmVjZm02ekE0aHlLMjlJQVYiLCJ0eXBlIjoiYXV0aCJ9.VIpp0u0p6Pg36dxzD9dznIzk3wbF9smaf6embsZ7fks,,4/13/2026 3:13pm,checked,"receHaKFiWjKoDWzu,rec3kf6RthXUzu8Ry,rec8B2gU9AgjpA6v0,recPFk68qZmuW7wbS",4/6/2026 8:13pm,"Proof_of_address.jpeg,Proof_of_income.jpg,Dental_loan_statement.jpeg,Proof_of_ID.jpeg,Screenshot 2025-04-23 at 8.59.42 AM.png"
reci6cbm4Q9YWY082,,,,eyJhbGciOiJIUzI1NiIsInR5cCI6IkpXVCJ9.eyJ1cGxvYWRMaW5rSWQiOiJyZWNpNmNibTRROVlXWTA4MiIsImNsaWVudElkIjoicmVjdGlpMlMydTBpZERwTTciLCJ0eXBlIjoiYXV0aCJ9.LsXtFmiw7ix0G1Z_S499Ukmti0pnzaGYkTXFo6PHeNg,,4/13/2026 3:47pm,checked,"recNd7KKrHweeSqfJ,recjlkIScBHge8pSO,receWABHe5sReX31p",4/6/2026 8:47pm,
rec4SjoU4KOcT0kTo,,,,eyJhbGciOiJIUzI1NiIsInR5cCI6IkpXVCJ9.eyJ1cGxvYWRMaW5rSWQiOiJyZWM0U2pvVTRLT2NUMGtUbyIsImNsaWVudElkIjoicmVjdm43RU9ZMGdpWVpwZlkiLCJ0eXBlIjoiYXV0aCJ9.-21Rk4FPNv5lwLO0rcFk0Gw33bjbZtpKfZlpDXP0xBo,,4/13/2026 4:14pm,checked,"recMojaYC1qM1STZy,recqzWjJLWeyHZBH9",4/6/2026 9:14pm,
recTlk3NcZ85TIKq8,,,,eyJhbGciOiJIUzI1NiIsInR5cCI6IkpXVCJ9.eyJ1cGxvYWRMaW5rSWQiOiJyZWNUbGszTmNaODVUSUtxOCIsImNsaWVudElkIjoicmVjdm43RU9ZMGdpWVpwZlkiLCJ0eXBlIjoiYXV0aCJ9.uKJi_DwoUOynu1wvo1X_63mgC2YTRHaG4GBDny1_y8Y,,4/13/2026 4:54pm,checked,"recWUkc05q37UEt8e,recMyDT6nKP9pPUMg",4/6/2026 9:54pm,"Screenshot 2025-04-23 at 9.01.42 AM.png,Screenshot 2025-04-23 at 9.04.02 AM.png,I-9Presentation.pdf"
recsnbQfvswbD3pr1,,,,eyJhbGciOiJIUzI1NiIsInR5cCI6IkpXVCJ9.eyJ1cGxvYWRMaW5rSWQiOiJyZWNzbmJRZnZzd2JEM3ByMSIsImNsaWVudElkIjoicmVjWHl1TkcyVUI0OERET04iLCJ0eXBlIjoiYXV0aCJ9.qgzS1IWSgEjlrQQRlYocwXPhCLHdrX5SosP3o3S-nu0,,4/14/2026 3:20pm,checked,"recwS9osP56H91NNl,rec60f0dpZrv8tifS,recErUeOLPzXRxDCU",4/7/2026 8:20pm,
recorhjiqnQlWAn4F,,,,eyJhbGciOiJIUzI1NiIsInR5cCI6IkpXVCJ9.eyJ1cGxvYWRMaW5rSWQiOiJyZWNvcmhqaXFuUWxXQW40RiIsImNsaWVudElkIjoicmVjeUM1VHVYM2dvd1JNcXQiLCJ0eXBlIjoiYXV0aCJ9.0rZLYT0uoOgvo36Q4NKmu4bk-N4Ci1uPaa81CeCqg3Y,,4/14/2026 3:27pm,checked,"rec8jYAGqnaeH6FTn,recSPrnBsRsESvtE1,recOWvmmw3w3rDMnM",4/7/2026 8:27pm,"Screenshot 2025-04-23 at 8.59.42 AM.png,Screenshot 2025-04-23 at 9.04.02 AM.png,Screenshot 2025-04-23 at 9.03.36 AM.png,I-9Presentation.pdf"
recj7dtgVd19dnwx7,,,,eyJhbGciOiJIUzI1NiIsInR5cCI6IkpXVCJ9.eyJ1cGxvYWRMaW5rSWQiOiJyZWNqN2R0Z1ZkMTlkbnd4NyIsImNsaWVudElkIjoicmVjR3ZPTTBDWWY0YWhqaEYiLCJ0eXBlIjoiYXV0aCJ9.gYKZ1eyW-YIZ0YyO7GELqJmkqmVVxXoQNqA9i1AmdU0,,4/15/2026 10:25am,checked,"reczMbYOQfW0H37Ho,rece0HSRjC25bIo0N,recrdrr2CyOHpa8MD,recLxUmHpGHolOmd0,recEK76zGpkuogJN6",4/8/2026 3:25pm,"Proof_of_income.jpg,Bank_Statements.jpg,Proof_of_address.jpeg,Proof_of_income.jpg,Proof_of_ID.jpeg"
rec3cZLguNt3IOvTh,receBdhpkG237S2EV,recBaxzGzN5Vk23Ik,LM+annettepartida@gmail.com,eyJhbGciOiJIUzI1NiIsInR5cCI6IkpXVCJ9.eyJ1cGxvYWRMaW5rSWQiOiJyZWMzY1pMZ3VOdDNJT3ZUaCIsImNsaWVudElkIjoicmVjQmF4ekd6TjVWazIzSWsiLCJ0eXBlIjoiYXV0aCJ9.aSpgY80mT9nPpHKVOg65taozkmP0oven6YgGRcp_HSk,Maria Lira,4/15/2026 10:31am,checked,"recBahAP2MzvGHVcF,recaW85OHvJGIY6eY,reciaCuo4bqYRb6mQ,reclKibk8guNqSwL0",4/8/2026 3:30pm,
rec4IlIjIcNy3breJ,recHifuSX2dACD5Ta,recRUXS4f8k8Yv4Qo,alexander.goldin+jpol@tripleten-team.com,eyJhbGciOiJIUzI1NiIsInR5cCI6IkpXVCJ9.eyJ1cGxvYWRMaW5rSWQiOiJyZWM0SWxJakljTnkzYnJlSiIsImNsaWVudElkIjoicmVjUlVYUzRmOGs4WXY0UW8iLCJ0eXBlIjoiYXV0aCJ9.BG_4-KXlze3kGkUujiICYMjc5vu0yKsotxa6P0JjNOU,Josephina Napoleon,4/15/2026 11:18am,checked,"reccUWgljUAgwsRyI,recU0aBnuDBxXbHXs,rec7IsAcEjkhIYs9q",4/8/2026 4:18pm,"Screenshot 2025-04-23 at 9.01.42 AM.png,I-9Presentation.pdf,Screenshot 2025-04-23 at 8.59.42 AM.png"
rec77EqvaTV4akUnp,recd8C90EyLny5shs,recRUXS4f8k8Yv4Qo,alexander.goldin+jpol@tripleten-team.com,eyJhbGciOiJIUzI1NiIsInR5cCI6IkpXVCJ9.eyJ1cGxvYWRMaW5rSWQiOiJyZWM3N0VxdmFUVjRha1VucCIsImNsaWVudElkIjoicmVjUlVYUzRmOGs4WXY0UW8iLCJ0eXBlIjoiYXV0aCJ9.JVbntdCwsdl8e6Y02BBrCMv4khJQ3z6D6HJP-aOSH70,Josephina Napoleon,4/15/2026 12:26pm,checked,"recxq07eAvBUwx1cj,recaPvpiMEwfcvEIi,recBj3ImHJWBuLdZg,rec9Sp2h0ImDc3ifQ",4/8/2026 5:26pm,"Screenshot 2025-04-23 at 8.59.42 AM.png,Screenshot 2025-04-23 at 9.01.42 AM.png,Screenshot 2025-04-23 at 9.04.02 AM.png,Screenshot 2025-04-23 at 8.59.42 AM.png"
recc0KHWYOKoivQo0,rec0osLeSZRvHT73d,recJPxjKudwFfD3Jp,jameslee+greg.huynh97@gmail.com,eyJhbGciOiJIUzI1NiIsInR5cCI6IkpXVCJ9.eyJ1cGxvYWRMaW5rSWQiOiJyZWNjMEtIV1lPS29pdlFvMCIsImNsaWVudElkIjoicmVjSlB4akt1ZHdGZkQzSnAiLCJ0eXBlIjoiYXV0aCJ9.eaZlbzd6zn7op1YUB1iFLqW7ihAlEeOai8FYWxmaY-c,James Lee,4/15/2026 4:13pm,checked,"recuTzLP80fZ6i47m,reclctFA9jefNcIr6,recToNOV1Cmxvxv9J",4/8/2026 9:13pm,
recOvCIf8CVoj3gau,rechiRX6m6vaZwof9,recg138Rb6onJ6TEH,greg.huynh97+jameslee@gmail.com,eyJhbGciOiJIUzI1NiIsInR5cCI6IkpXVCJ9.eyJ1cGxvYWRMaW5rSWQiOiJyZWNPdkNJZjhDVm9qM2dhdSIsImNsaWVudElkIjoicmVjZzEzOFJiNm9uSjZURUgiLCJ0eXBlIjoiYXV0aCJ9.WwRwZAI9PJ70SlrKj-Z-k6D0TO-l2svjYvHSTDAFSdM,James Lee,4/15/2026 4:17pm,checked,"recyy0kXPUj9YjBSL,recgJHYYuM5lDIOtl,recVZ0kBEE6VOmVqv",4/8/2026 9:17pm,"Freelancer-Proof-of-Income-Template-edit-online.png,Proof of Address example.jpg,DL Example.png"
rec5w5eidW4F3F7wM,recceAQP2XOCDhDE3,recdQ6DfBg5HRBKNs,greg.huynh97+lucylola@gmail.com,eyJhbGciOiJIUzI1NiIsInR5cCI6IkpXVCJ9.eyJ1cGxvYWRMaW5rSWQiOiJyZWM1dzVlaWRXNEYzRjd3TSIsImNsaWVudElkIjoicmVjZFE2RGZCZzVIUkJLTnMiLCJ0eXBlIjoiYXV0aCJ9.avJsd_E9acVyqagsdT9l9k-Dc8ltKlwzC_QAXEQC29w,Lucy Lola,4/15/2026 4:27pm,checked,"reczbarn7LPJou1RT,recThoUJOTm2Geu95,recGkWN8ofeAxkZsM,recmXAZdKEkYaFVvv,reccIVHER4qcVv1k5",4/8/2026 9:27pm,
recHl4fPq7r7m27TN,recVoiAvOVypQCmIR,recRoOxhXnBHaTWKz,alexander.goldin+rich@tripleten-team.com,eyJhbGciOiJIUzI1NiIsInR5cCI6IkpXVCJ9.eyJ1cGxvYWRMaW5rSWQiOiJyZWNIbDRmUHE3cjdtMjdUTiIsImNsaWVudElkIjoicmVjUm9PeGhYbkJIYVRXS3oiLCJ0eXBlIjoiYXV0aCJ9.34sWwoI5ZqcGZMJFLHKTPPOnEePUDzNFKPXHlVN1PRc,Richard Geer,4/15/2026 6:06pm,checked,"recm56Ny9G93pCo2t,recaeyWRFR4Km7GxU,recE9kqfzXvl6JxiY,recWlFnbjXi9Qv5rT,recP1Gg0qpjL66pnQ",4/8/2026 11:06pm,
rec4o02DVOTwDPe0r,recoWibCiRZzl2xua,recGawmlSf6OTwQiB,alexander.goldin+jalba@tripleten-team.com,eyJhbGciOiJIUzI1NiIsInR5cCI6IkpXVCJ9.eyJ1cGxvYWRMaW5rSWQiOiJyZWM0bzAyRFZPVHdEUGUwciIsImNsaWVudElkIjoicmVjR2F3bWxTZjZPVHdRaUIiLCJ0eXBlIjoiYXV0aCJ9.xF8CbvEJI4w8AihYEP-F80S_SEeBqPHMbVYvTGMwfCQ,Jessica Alba,4/15/2026 6:12pm,checked,"recFMyswGtSRdsE56,recDdp5v0quCnEnR3,recqjBaBewh4aghip,reclRBzbf3aAfTywq,recSG5TZGRhTckFk1,recETQaZ3vlIX1xOV",4/8/2026 11:12pm,
recQL5uEhFBWowHIt,recoeHa0RlVHyOcVo,recLo94BCMSYKOyu8,alexander.goldin+jackie@tripleten-team.com,eyJhbGciOiJIUzI1NiIsInR5cCI6IkpXVCJ9.eyJ1cGxvYWRMaW5rSWQiOiJyZWNRTDV1RWhGQldvd0hJdCIsImNsaWVudElkIjoicmVjTG85NEJDTVNZS095dTgiLCJ0eXBlIjoiYXV0aCJ9.jpeCM3ztTQlaQRoR_Ai56FoCmUKIRVoTxNkJY2mzpoA,JAckie Rose,4/15/2026 6:23pm,checked,"recAIe51wkLa2YvC8,recxC1ZkKTvYMoMcf,recTSiMNBu77JRFtC,recoRV3GZFjc3XZVn,recSELId49uV9pX8G",4/8/2026 11:23pm,
recUaQkAEgvRMvpDw,recLDI1erpocM6Mxi,recGcxymMQP0QBqkA,alexander.goldin+jwick@tripleten-team.com,eyJhbGciOiJIUzI1NiIsInR5cCI6IkpXVCJ9.eyJ1cGxvYWRMaW5rSWQiOiJyZWNVYVFrQUVndlJNdnBEdyIsImNsaWVudElkIjoicmVjR2N4eW1NUVAwUUJxa0EiLCJ0eXBlIjoiYXV0aCJ9.Eq57nvZVNNlSlLLTV-jWmYrm9l1qVsu8HbPtAMoxr-4,John Wick,4/20/2026 6:43am,checked,"recZkwxp13RQMoJeb,rec7jmXQk943xMFAS,rectHFxYaS1fR1K7X,rec5e6FhDZXIYPA2s,recjj1THeMyQhXfAg",4/13/2026 11:43am,
recigfEwyfNJcdY77,recQNtpiZQA9wXb5C,recnu0AJark8IXFSC,alexander.goldin+msp@tripleten-team.com,eyJhbGciOiJIUzI1NiIsInR5cCI6IkpXVCJ9.eyJ1cGxvYWRMaW5rSWQiOiJyZWNpZ2ZFd3lmTkpjZFk3NyIsImNsaWVudElkIjoicmVjbnUwQUphcms4SVhGU0MiLCJ0eXBlIjoiYXV0aCJ9.j59g7FnA5orFF9UWdnX_wC2pTJcLs05kavZxN6P6n4o,Miranda Spelbeerg,4/20/2026 8:29am,checked,"recgFngPXdHKHu4Es,recWyVj2ntxVcZpUp,recxalaY6pgFxHSyQ,recXbnpN7zwbNxo83",4/13/2026 1:28pm,"Screenshot 2025-04-23 at 8.59.42 AM.png,Screenshot 2025-04-23 at 9.03.36 AM.png,Screenshot 2025-04-23 at 9.04.02 AM.png,Screenshot 2025-04-23 at 9.03.36 AM.png"
recprTnniyjGxNApq,recjeMA8UIdqExKRN,recnvW09qUxssnJYa,greg.huynh97+mandyliv@gmail.com,eyJhbGciOiJIUzI1NiIsInR5cCI6IkpXVCJ9.eyJ1cGxvYWRMaW5rSWQiOiJyZWNwclRubml5akd4TkFwcSIsImNsaWVudElkIjoicmVjbnZXMDlxVXhzc25KWWEiLCJ0eXBlIjoiYXV0aCJ9.gpaq6YmPmG_Jm2ieTIxlfCSNdAvqjf-DBx0vgF-Rc6I,Mandy Liv,4/20/2026 10:42am,checked,"recA583bM9o3OKZiE,recQ7OpRScZ74XsAh,rec6QAUiDGoUYsLnn,rec4DMGqMqdIsXySU",4/13/2026 3:42pm,"Freelancer-Proof-of-Income-Template-edit-online.png,Freelancer-Proof-of-Income-Template-edit-online.png,DL Example.png,Proof of Address example.jpg,Proof of Address example.jpg"
recaAT8nIp5iJZ86P,rectGACid3TSHHs4j,rec6TxOO0m0EAnAH8,alexander.goldin+sample@tripleten-team.com,eyJhbGciOiJIUzI1NiIsInR5cCI6IkpXVCJ9.eyJ1cGxvYWRMaW5rSWQiOiJyZWNhQVQ4bklwNWlKWjg2UCIsImNsaWVudElkIjoicmVjNlR4T08wbTBFQW5BSDgiLCJ0eXBlIjoiYXV0aCJ9.13zC391TifPVOMF-bre_BTVIv90emRg6QxM-_giM5Es,Alexander Goldin,4/20/2026 11:22am,checked,"recejlmXVUkTftGMv,recP33IOuIguklbXA,recohd5YLiHMsXYhZ,recZbfFNmkMn2zdb7",4/13/2026 4:22pm,"Screenshot 2025-04-23 at 8.59.42 AM.png,Screenshot 2025-04-23 at 9.04.02 AM.png,Screenshot 2025-04-23 at 9.04.02 AM.png,Screenshot 2025-04-23 at 9.03.36 AM.png,Screenshot 2025-04-23 at 8.59.42 AM.png,Screenshot 2025-04-23 at 9.01.42 AM.png,Screenshot 2025-04-23 at 9.03.36 AM.png,Screenshot 2025-04-23 at 8.59.42 AM.png,I-9Presentation.pdf,Screenshot 2025-04-23 at 9.04.02 AM.png"
recdKaUNmEaVUSZQ5,recEz6QuVWDg4g78m,recUvKfihVaHWI002,ds+annettepartida@gmail.com,eyJhbGciOiJIUzI1NiIsInR5cCI6IkpXVCJ9.eyJ1cGxvYWRMaW5rSWQiOiJyZWNkS2FVTm1FYVZVU1pRNSIsImNsaWVudElkIjoicmVjVXZLZmloVmFIV0kwMDIiLCJ0eXBlIjoiYXV0aCJ9.NqKO1Sqq09O8IrePYF9myk3nhLi72VbiP926z3TWaYk,David Smith,4/21/2026 1:16pm,checked,"recbajDXrZreAeqAm,rec14r3odpbrukJcZ,recGBgyWT9eNKXs5x,recH4YVZtDzhSkSw8,recJmW3lMzUL6DWQC",4/14/2026 6:16pm,
recQrrJ8e2uxHkYAg,rec8tPzgzF1geLSpi,recnu0AJark8IXFSC,alexander.goldin+msp@tripleten-team.com,,Miranda Spelbeerg,,,,4/14/2026 6:29pm,
recmFweFJV2ILNwS6,recoIWwvAnq9T4gpj,recp6ar15wXsVaxQw,alexander.goldin+jsmith@tripleten-team.com,eyJhbGciOiJIUzI1NiIsInR5cCI6IkpXVCJ9.eyJ1cGxvYWRMaW5rSWQiOiJyZWNtRndlRkpWMklMTndTNiIsImNsaWVudElkIjoicmVjcDZhcjE1d1hzVmF4UXciLCJ0eXBlIjoiYXV0aCJ9.HUz6dppV36u1Q9eLJ2KJBfzk7Tap_GNE0vC7BVsrEZI,John Smith,4/22/2026 4:18pm,checked,"recUp3Hmd9R0LKlV1,recZkydM7JczhDadp,recMD5zxXxP41vxY8,recO2JNDPROPOEPhM,rec6qiEvX4iQuRiCw",4/15/2026 9:18pm,"Screenshot 2025-04-23 at 8.59.42 AM.png,Screenshot 2025-04-23 at 9.03.36 AM.png,Screenshot 2025-04-23 at 9.04.02 AM.png,Screenshot 2025-04-23 at 9.01.42 AM.png,Screenshot 2025-04-23 at 8.59.42 AM.png,Screenshot 2025-04-23 at 9.03.36 AM.png,Screenshot 2025-04-23 at 9.03.36 AM.png"
reckGYSOjLF3H7ENy,recAMWWYdHdsDUvfh,recibMhRxMlP9kxh2,alexander.goldin+rniro@tripleten-team.com,eyJhbGciOiJIUzI1NiIsInR5cCI6IkpXVCJ9.eyJ1cGxvYWRMaW5rSWQiOiJyZWNrR1lTT2pMRjNIN0VOeSIsImNsaWVudElkIjoicmVjaWJNaFJ4TWxQOWt4aDIiLCJ0eXBlIjoiYXV0aCJ9.pv38I_hMSya6ZkvHkh3LAAeU1iLSgwAAfi3FPP-VZiY,Robert De Niro,4/24/2026 4:37pm,checked,"recZ8MdjVm3tkwmft,rec9bbeQcJbA23eXd,recdmrpm1Fq6x6el5,rec9Xp63i7tOQIGBS",4/17/2026 9:37pm,"Screenshot 2025-04-23 at 8.59.42 AM.png,Screenshot 2025-04-23 at 9.01.42 AM.png,Screenshot 2025-04-23 at 9.04.02 AM.png,Screenshot 2025-04-23 at 9.03.36 AM.png,Screenshot 2025-04-23 at 9.03.36 AM.png,Screenshot 2025-04-23 at 8.59.42 AM.png,Screenshot 2025-04-23 at 9.04.02 AM.png"
recDT8GQSEgBjNRxX,recZEgTwWp7zHGD7C,recKZB6C0E3NQScQB,DT+annettepartida@gmail.com,eyJhbGciOiJIUzI1NiIsInR5cCI6IkpXVCJ9.eyJ1cGxvYWRMaW5rSWQiOiJyZWNEVDhHUVNFZ0JqTlJ4WCIsImNsaWVudElkIjoicmVjS1pCNkMwRTNOUVNjUUIiLCJ0eXBlIjoiYXV0aCJ9.3SGdQDLfOcUSdxa0t9joaPTSkf0jvkCxn9zgIkU9PO4,Donald Trump,4/25/2026 12:10pm,checked,"recluuPDpTGhoxjuw,recweLHZrFcB9jjaA,recJ8MoSAk3J4w3lg,recrM1eFF3aaDItc4,recZBJADeC8QmNs4L",4/18/2026 5:10pm,
reciyqLYweaAbCvni,recVrayduFinV5Boz,recTD99pmwrnCPho6,annettepartida+ae@gmail.com,eyJhbGciOiJIUzI1NiIsInR5cCI6IkpXVCJ9.eyJ1cGxvYWRMaW5rSWQiOiJyZWNpeXFMWXdlYUFiQ3ZuaSIsImNsaWVudElkIjoicmVjVEQ5OXBtd3JuQ1BobzYiLCJ0eXBlIjoiYXV0aCJ9.XqWtVzJsPskhj4nTMs8WGOdISFdTINAw1lUN8J0z0mk,Annabelle Evans,4/25/2026 1:01pm,checked,"recsxMyYMatlUy60i,recyZA3gtBLNoIBUw,recV5uDI6MFcgcKE4,reczWODtZVpthaw7G,recrDTjDaiQXbYJmY",4/18/2026 6:01pm,"Proof_of_income.jpg,Proof_of_address.jpeg,Proof_of_ID.jpeg,Proof_of_income.jpg,Bank_Statements.jpg"
recnYEcg4zwCBL5dx,rec6iXn9GYvUFRA6x,recXq9bBBgnM0qiXn,annettepartida+sl@gmail.com,eyJhbGciOiJIUzI1NiIsInR5cCI6IkpXVCJ9.eyJ1cGxvYWRMaW5rSWQiOiJyZWNuWUVjZzR6d0NCTDVkeCIsImNsaWVudElkIjoicmVjWHE5YkJCZ25NMHFpWG4iLCJ0eXBlIjoiYXV0aCJ9.Vav7fiOPk3PSWvu2VXM2pagEkBecnzrxkyaJDvNwxzc,Sunny Lopez,4/25/2026 2:13pm,checked,"recB85QoUV1KZ7SmL,recwCWXCEIWlRsJCQ,recRvIMatwZABBXGJ,recQJDcLdZXxlwrjO",4/18/2026 7:13pm,"Proof_of_ID.jpeg,Proof_of_address.jpeg,Bank_Statements.jpg,Bank_Statements.jpg,Bank_Statements.jpg"
recpkltIoFc7jcpn8,rec52fJKIGCkMmfdO,recOvYm9pu92O4bHp,xiolared+dd@gmail.com,eyJhbGciOiJIUzI1NiIsInR5cCI6IkpXVCJ9.eyJ1cGxvYWRMaW5rSWQiOiJyZWNwa2x0SW9GYzdqY3BuOCIsImNsaWVudElkIjoicmVjT3ZZbTlwdTkyTzRiSHAiLCJ0eXBlIjoiYXV0aCJ9.VE3cxTEYbGx9qaZXG6Uy3gYHa5poEued7v_9o8lE6bY,Donald Duck,4/26/2026 11:36am,checked,"rechJga1O0yRiLlt0,reccuSgE5evBJFjNW,recHnoFFsAlrZAKE1,recZBC5d8ulKLUgGX,rec9K5CkkwNW4yZp3",4/19/2026 4:36pm,
recI2cdscI2nBfFPb,reccY7SqVjmYQf4DO,recZ1MOtNdr8dA2uT,alexander.goldin+cjohnie@tripleten-team.com,eyJhbGciOiJIUzI1NiIsInR5cCI6IkpXVCJ9.eyJ1cGxvYWRMaW5rSWQiOiJyZWNJMmNkc2NJMm5CZkZQYiIsImNsaWVudElkIjoicmVjWjFNT3ROZHI4ZEEydVQiLCJ0eXBlIjoiYXV0aCJ9.ltLXnkuLAV0eTVsoNyZ4PgZNLs4T0yVK4tW6IgAvHGc,Charley Johnie,4/27/2026 8:09am,checked,"reccRuiu9HCSiSsWe,recCNooaTj3XzAB83,recwB7DniDI1WhMDT,recFsp3r0a3MAYKno,recoMk44i5L5z0XyH,recO3zRxxC9BCxofn",4/20/2026 1:09pm,"Screenshot 2025-04-23 at 8.59.42 AM.png,Screenshot 2025-04-23 at 9.01.42 AM.png,Screenshot 2025-04-23 at 9.04.02 AM.png,Screenshot 2025-04-23 at 8.59.42 AM.png,Screenshot 2025-04-23 at 9.03.36 AM.png,Screenshot 2025-04-23 at 8.59.42 AM.png,I-9Presentation.pdf,Screenshot 2025-04-23 at 9.04.02 AM.png"
recUWaLwkHnuwf97E,recLDezg39srUoZrF,recJCDkohjPXkcA7B,alexander.goldin+ssollo@tripleten-team.com,eyJhbGciOiJIUzI1NiIsInR5cCI6IkpXVCJ9.eyJ1cGxvYWRMaW5rSWQiOiJyZWNVV2FMd2tIbnV3Zjk3RSIsImNsaWVudElkIjoicmVjSkNEa29oalBYa2NBN0IiLCJ0eXBlIjoiYXV0aCJ9.JSCUww8CuW14QZAue0wfgCu4EURkvMr1oEU_HDIJor4,Sandra Sollo,4/27/2026 8:39am,checked,"recTOfzBUKNkI0Ta3,recIeZkEMjZPR5r1l,recPU4vTdXkAWRM91,recsRuHFpgAkpOC9l,recChvtGvOrm8W21N",4/20/2026 1:39pm,"Screenshot 2025-04-23 at 8.59.42 AM.png,Screenshot 2025-04-23 at 9.01.42 AM.png,Screenshot 2025-04-23 at 9.04.02 AM.png,Screenshot 2025-04-23 at 9.04.02 AM.png,Screenshot 2025-04-23 at 9.01.42 AM.png"
recbmRIDbEIwfnm2h,recUXoBEli6c9zGYA,reci03EbmMC4Jxg8P,alexander.goldin+newapps@tripleten-team.com,eyJhbGciOiJIUzI1NiIsInR5cCI6IkpXVCJ9.eyJ1cGxvYWRMaW5rSWQiOiJyZWNibVJJRGJFSXdmbm0yaCIsImNsaWVudElkIjoicmVjaTAzRWJtTUM0SnhnOFAiLCJ0eXBlIjoiYXV0aCJ9.M70XLzxbXgx5SdkDGD9TV6NlFw1bYWcpPw5qEaV-hXU,Alexander Goldin,4/27/2026 11:00am,checked,"recBCStDpskMYQ69c,rec4eDf4r5TG1CkTb,recGQdFjCPoUNbcOe,reccS8YwV8KykpKZG,recj33chCxn1Wp7eO",4/20/2026 4:00pm,"Screenshot 2025-04-23 at 8.59.42 AM.png,Screenshot 2025-04-23 at 9.01.42 AM.png,Screenshot 2025-04-23 at 9.04.02 AM.png,Screenshot 2025-04-23 at 8.59.42 AM.png,Screenshot 2025-04-23 at 9.01.42 AM.png,I-9Presentation.pdf,Screenshot 2025-04-23 at 9.04.02 AM.png,Screenshot 2025-04-23 at 9.01.42 AM.png,Screenshot 2025-04-23 at 8.59.42 AM.png"
rec0YQcE2y0IapmOH,recDc02Pm0itQGa0p,recRVneyrVu6gUZSu,xiolared+dv@gmail.com,eyJhbGciOiJIUzI1NiIsInR5cCI6IkpXVCJ9.eyJ1cGxvYWRMaW5rSWQiOiJyZWMwWVFjRTJ5MElhcG1PSCIsImNsaWVudElkIjoicmVjUlZuZXlyVnU2Z1VaU3UiLCJ0eXBlIjoiYXV0aCJ9.AB2PEPKxc_8URPydRovVGx0G_7IVsDeh99lH8oWotLI,David Smith,4/27/2026 3:22pm,checked,"recCyU5orcEbun4Lm,recpMNDNjiDYX3KVr,recZeHDK9ybzse5o4,reciXV1DsVNRuX4yK",4/20/2026 8:22pm,"Proof_of_ID.jpeg,Proof_of_income.jpg,Proof_of_address.jpeg,Bank_Statements.jpg"
recsJiKLucFvfuiv9,recbpihpr1IFeWLyk,recd4kSXMVSJO33uj,alexander.goldin+bb@tripleten-team.com,eyJhbGciOiJIUzI1NiIsInR5cCI6IkpXVCJ9.eyJ1cGxvYWRMaW5rSWQiOiJyZWNzSmlLTHVjRnZmdWl2OSIsImNsaWVudElkIjoicmVjZDRrU1hNVlNKTzMzdWoiLCJ0eXBlIjoiYXV0aCJ9.veN_fcTydvjxdPiYGWeQr36izoOAW9bQX9VVTJMB2V8,Barbara Boring,4/28/2026 4:17am,checked,"reck6UAVnvluhB4uG,rec7wJT10PHmt2fVd,recWy65liAN6tPL4V,recnyxOZSfYDztinj,recESmuZihpAhdMFh",4/21/2026 9:17am,"Screenshot 2025-04-23 at 8.59.42 AM.png,Screenshot 2025-04-23 at 9.01.42 AM.png,Screenshot 2025-04-23 at 9.03.36 AM.png,Screenshot 2025-04-23 at 8.59.42 AM.png,Screenshot 2025-04-23 at 9.04.02 AM.png,Screenshot 2025-04-23 at 8.59.42 AM.png,I-9Presentation.pdf"
reczXxU8kOZpULU1B,recabnxc7d5Z5oyDh,recTcPBWAKUDrBPaq,xiolared+bl@gmail.com,eyJhbGciOiJIUzI1NiIsInR5cCI6IkpXVCJ9.eyJ1cGxvYWRMaW5rSWQiOiJyZWN6WHhVOGtPWnBVTFUxQiIsImNsaWVudElkIjoicmVjVGNQQldBS1VEckJQYXEiLCJ0eXBlIjoiYXV0aCJ9.nH6fOLO90aJWNGSLV5Iqlz_kt4e8na3N6y0c6-SdZwI,Benny Lancaster,4/28/2026 8:10am,checked,"recQRMTtpqQDiux3W,recybDmQsAREVKcIS,recyWvD7liFWHiZJi,recF1s4jvBoiWpNSB,recmairj93AwMy3kq",4/21/2026 1:10pm,"Proof_of_income.jpg,Proof_of_ID.jpeg,Proof_of_address.jpeg,Bank_statements.jpg,paystubs.jpg"
recshBNFzAcYRF0DT,rec72PLC7JTFODaQz,recSru4nlQneIhcKU,xiolared+hm@gmail.com,eyJhbGciOiJIUzI1NiIsInR5cCI6IkpXVCJ9.eyJ1cGxvYWRMaW5rSWQiOiJyZWNzaEJORnpBY1lSRjBEVCIsImNsaWVudElkIjoicmVjU3J1NG5sUW5lSWhjS1UiLCJ0eXBlIjoiYXV0aCJ9.X5LsvIJSM6pidHWLNV-hX8rTqmte799us26ct2yxzuY,Henry Miller,4/28/2026 11:27am,checked,"recwH5cIRlmyk0uqy,recZh2fUhrA8MtBor,recYWGHK6bH8tnL9J,recZB4QUN1NZRbM7J,recnbhNUJMAHysGke",4/21/2026 4:27pm,"Proof_of_income.jpg,Bank_statements.jpg,paystubs.jpg,Proof_of_address.jpeg,Proof_of_ID.jpeg"
recJXCNxrQWJhPjsZ,recXH0E8VnGb4Hk8l,reclN0hzVH5YQ0mLN,alexander.goldin+jriver@tripleten-team.com,eyJhbGciOiJIUzI1NiIsInR5cCI6IkpXVCJ9.eyJ1cGxvYWRMaW5rSWQiOiJyZWNKWENOeHJRV0poUGpzWiIsImNsaWVudElkIjoicmVjbE4waHpWSDVZUTBtTE4iLCJ0eXBlIjoiYXV0aCJ9.5BE0_06M3GkT6hMIp7em1L3CBsiYwFQxpFrz8tSmAcI,Jordan River,4/28/2026 11:41am,checked,"rec8FK3Pp74seFQDr,reckppHIpuy6mI7jY,rechwDVJGyRprpU7t,recyWCQvECAvdPorI,rechtjCalN31QuJtY",4/21/2026 4:41pm,"Screenshot 2025-04-23 at 8.59.42 AM.png,Screenshot 2025-04-23 at 9.01.42 AM.png,Screenshot 2025-04-23 at 9.03.36 AM.png,Screenshot 2025-04-23 at 9.04.02 AM.png,I-9Presentation.pdf,I-9Presentation.pdf,Screenshot 2025-04-23 at 9.04.02 AM.png,camphoto_1903590565.jpeg"
recwnUFiienN17ad8,recCB1TjuqE2vAgpd,recSru4nlQneIhcKU,xiolared+hm@gmail.com,eyJhbGciOiJIUzI1NiIsInR5cCI6IkpXVCJ9.eyJ1cGxvYWRMaW5rSWQiOiJyZWN3blVGaWllbk4xN2FkOCIsImNsaWVudElkIjoicmVjU3J1NG5sUW5lSWhjS1UiLCJ0eXBlIjoiYXV0aCJ9.dngTyS8tIvAeAJQq2NgQYXXroGlS0G4ZaKeIeSRiuJ0,Henry Miller,4/28/2026 12:18pm,checked,"recEhA3dmozglHv9A,recdgHusnrcfg49L8,recoYnYOTH5fFbO54,rec5v6VBvEIEqAQnK",4/21/2026 5:18pm,"Proof_of_address.jpeg,Proof_of_ID.jpeg,paystubs.jpg,Bank_statements.jpg,Proof_of_address.jpeg"
recN0eovNdM1UmJlm,reckzWZS4OjnbxKgb,recfiafue38amww2f,alexander.goldin@tripleten-team.com,eyJhbGciOiJIUzI1NiIsInR5cCI6IkpXVCJ9.eyJ1cGxvYWRMaW5rSWQiOiJyZWNOMGVvdk5kTTFVbUpsbSIsImNsaWVudElkIjoicmVjZmlhZnVlMzhhbXd3MmYiLCJ0eXBlIjoiYXV0aCJ9.PHsOz-UI5HoYtaUYr_h1C9_XV2qG2Uoq3RX4loxJC-c,Melinda Rasolt,5/3/2026 4:01pm,checked,"recMPRvOjF3Gkb0Kk,recG8D0NxPpoaKZaY,recebJco8NAPAqBno,recPYErLBxYM02RqI",4/26/2026 9:00pm,